Instrument,TRBC Activity Name
5000066483,E-commerce & Auction Services
4295880522,Food Retail & Distribution (NEC)
5046318067,Food Retail & Distribution (NEC)
4298167144,Supermarkets & Convenience Stores
4295903207,Cigars & Cigarette Manufacturing
4295905494,Internet & Mail Order Department Stores
4295859326,Brewers (NEC)
4295903463,
4295876498,Brewers (NEC)
5000068858,General Department Stores
4298103625,Supermarkets & Convenience Stores
4295869217,Pharmaceuticals (NEC)
5000561805,Food Processing (NEC)
4295894777,Tobacco (NEC)
4296597341,Food Processing (NEC)
5000093890,Food Retail & Distribution (NEC)
4296555324,Food Processing (NEC)
4295866751,Supermarkets & Convenience Stores
4296340377,Investment Holding Companies (NEC)
5033561380,Cotton Farming
4298064372,Forest & Wood Products (NEC)
5000057326,Distilleries
4297739955,Commodity Chemicals (NEC)
4296341355,Fishing & Farming (NEC)
4295882291,Food Processing (NEC)
4295903091,Non-Alcoholic Beverages (NEC)
5000029409,Food Processing (NEC)
4295857398,Supermarkets & Convenience Stores
4295895403,Restaurants & Bars (NEC)
5000847515,Supermarkets & Convenience Stores
4296549687,Department Stores (NEC)
4295912987,Discount Stores (NEC)
4296327880,Dairy Products
4295867387,Food Processing (NEC)
4295903104,Agricultural Machinery
4295894791,Distillers & Wineries (NEC)
4295903123,Discount Stores (NEC)
5035149355,Supermarkets & Convenience Stores
4298161610,Industrial Machinery & Equipment (NEC)
4295868964,Supermarkets & Convenience Stores
4295861298,Food Retail & Distribution (NEC)
5000009277,Government Administration Activities
4295866771,Supermarkets & Convenience Stores
4295884506,Bread & Bakery Product Manufacturing
4296598120,Food Retail & Distribution (NEC)
4295884692,Brewers (NEC)
4295894647,Tobacco (NEC)
4295903177,Paper Packaging (NEC)
4295880516,Diversified Industrial Goods Wholesale
4295895145,Supermarkets & Convenience Stores
4295879109,Cigars & Cigarette Manufacturing
4295860302,Meat Processing
4295886732,
4295884672,Food Retail & Distribution (NEC)
4296818456,Dairy Products
4298008871,Food Processing (NEC)
5085166897,
4295860619,Food Retail & Distribution (NEC)
4298451869,Fishing & Farming Wholesale
4295859830,Meat Processing
4298160473,Food Processing (NEC)
4295880543,Diversified Industrial Goods Wholesale
4295904499,Quick Service Restaurants
4296134927,Supermarkets & Convenience Stores
5056412391,Food Retail & Distribution (NEC)
4295880574,Diversified Industrial Goods Wholesale
4295899791,Food Processing (NEC)
4295890634,Food Processing (NEC)
4298436831,Agriculture Support Services
5059998878,Agricultural Chemicals Wholesale
4295888157,Food Processing (NEC)
4295904718,Carbonated Soft Drinks
5043951479,Food Retail & Distribution (NEC)
4298015178,Tobacco (NEC)
4295887264,Food Retail & Distribution (NEC)
4295914632,Supermarkets & Convenience Stores
4296133144,Leisure & Recreation (NEC)
4296665046,Food Retail & Distribution (NEC)
4295953501,Supermarkets & Convenience Stores
4295880490,Supermarkets & Convenience Stores
4295866614,Restaurants & Bars (NEC)
4295908005,Restaurants & Bars (NEC)
4295905023,Food Retail & Distribution (NEC)
4295912282,Discount Stores (NEC)
4295895258,Food Retail & Distribution (NEC)
5038908093,Food Processing (NEC)
4295903182,Food Retail & Distribution (NEC)
4295905141,Meat Processing
4295894770,Personal Products (NEC)
4295908260,Food Retail & Distribution (NEC)
4298218064,Food Retail & Distribution (NEC)
5037035664,Investment Holding Companies (NEC)
4295905298,Food Retail & Distribution (NEC)
5063196140,Paper Packaging (NEC)
5038044355,Plastic Containers & Packaging
4295887677,Food Processing (NEC)
4295856585,Food Retail & Distribution (NEC)
4295887239,Supermarkets & Convenience Stores
4295885383,Fertilizers
4296676852,Fishing & Farming Wholesale
